speed,occ,flow,station_id,timestamp,is_incident,speed_smoothed,occ_smoothed
67.7,0.0231,112.0,318540,2016-01-01 00:00:00,0,67.7,0.0231
68.2,0.0206,100.0,318540,2016-01-01 00:05:00,0,67.775,0.022725
66.3,0.0256,120.0,318540,2016-01-01 00:10:00,0,67.55375,0.02315625
65.5,0.0341,166.0,318540,2016-01-01 00:15:00,0,67.24568749999999,0.024797812500000002
66.4,0.0307,161.0,318540,2016-01-01 00:20:00,0,67.11883437499999,0.025683140625000003
66.5,0.0381,193.0,318540,2016-01-01 00:25:00,0,67.02600921874999,0.027545669531250004
67.2,0.0367,194.0,318540,2016-01-01 00:30:00,0,67.05210783593749,0.028918819101562503
66.8,0.0369,193.0,318540,2016-01-01 00:35:00,0,67.01429166054686,0.03011599623632813
66.0,0.0469,237.0,318540,2016-01-01 00:40:00,0,66.86214791146483,0.032633596800878906
66.8,0.0387,205.0,318540,2016-01-01 00:45:00,0,66.8528257247451,0.033543557280747066
65.8,0.0404,204.0,318540,2016-01-01 00:50:00,0,66.69490186603333,0.034572023688635004
66.3,0.0474,248.0,318540,2016-01-01 00:55:00,0,66.63566658612832,0.03649622013533975
58.4,0.0643,206.0,318540,2016-01-01 01:00:00,0,65.40031659820907,0.04066678711503879
63.2,0.0413,220.0,318540,2016-01-01 01:05:00,0,65.07026910847772,0.04076176904778297
65.6,0.040999999999999995,223.0,318540,2016-01-01 01:10:00,0,65.14972874220605,0.04079750369061552
65.1,0.040999999999999995,209.0,318540,2016-01-01 01:15:00,0,65.14226943087513,0.040827878137023196
67.8,0.0351,194.0,318540,2016-01-01 01:20:00,0,65.54092901624387,0.03996869641646972
68.0,0.0375,202.0,318540,2016-01-01 01:25:00,0,65.90978966380729,0.03959839195399926
67.9,0.0295,155.0,318540,2016-01-01 01:30:00,0,66.2083212142362,0.03808363316089937
66.9,0.0226,111.0,318540,2016-01-01 01:35:00,0,66.31207303210076,0.03576108818676446
67.4,0.0434,228.0,318540,2016-01-01 01:40:00,0,66.47526207728565,0.03690692495874979
67.4,0.0346,184.0,318540,2016-01-01 01:45:00,0,66.61397276569281,0.03656088621493732
67.6,0.0298,158.0,318540,2016-01-01 01:50:00,0,66.76187685083889,0.03554675328269672
67.5,0.0304,159.0,318540,2016-01-01 01:55:00,0,66.87259532321306,0.03477474029029221
67.4,0.0284,149.0,318540,2016-01-01 02:00:00,0,66.95170602473111,0.03381852924674838
67.6,0.0315,160.0,318540,2016-01-01 02:05:00,0,67.04895012102143,0.033470749859736124
67.1,0.0343,175.0,318540,2016-01-01 02:10:00,0,67.05660760286821,0.0335951373807757
66.6,0.0332,168.0,318540,2016-01-01 02:15:00,0,66.98811646243797,0.03353586677365934
68.4,0.0288,148.0,318540,2016-01-01 02:20:00,0,67.19989899307228,0.03282548675761044
68.5,0.0282,146.0,318540,2016-01-01 02:25:00,0,67.39491414411144,0.03213166374396887
69.2,0.0292,153.0,318540,2016-01-01 02:30:00,0,67.66567702249472,0.03169191418237354
68.8,0.024,128.0,318540,2016-01-01 02:35:00,0,67.83582546912051,0.03053812705501751
68.2,0.0243,126.0,318540,2016-01-01 02:40:00,0,67.89045164875243,0.029602407996764883
65.9,0.0238,113.0,318540,2016-01-01 02:45:00,0,67.59188390143957,0.028732046797250152
65.9,0.0255,123.0,318540,2016-01-01 02:50:00,0,67.33810131622364,0.028247239777662626
66.2,0.0224,112.0,318540,2016-01-01 02:55:00,0,67.16738611879009,0.02737015381101323
67.5,0.0217,112.0,318540,2016-01-01 03:00:00,0,67.21727820097158,0.026519630739361245
67.4,0.0257,124.0,318540,2016-01-01 03:05:00,0,67.24468647082584,0.026396686128457057
67.4,0.0263,128.0,318540,2016-01-01 03:10:00,0,67.26798350020196,0.026382183209188496
68.2,0.0207,110.0,318540,2016-01-01 03:15:00,0,67.40778597517166,0.025529855727810222
68.4,0.018000000000000002,92.0,318540,2016-01-01 03:20:00,0,67.55661807889591,0.02440037736863869
67.3,0.0226,108.0,318540,2016-01-01 03:25:00,0,67.51812536706151,0.024130320763342886
66.3,0.0175,83.0,318540,2016-01-01 03:30:00,0,67.33540656200228,0.02313577264884145
67.5,0.0171,84.0,318540,2016-01-01 03:35:00,0,67.36009557770194,0.022230406751515233
66.8,0.0192,86.0,318540,2016-01-01 03:40:00,0,67.27608124104665,0.02177584573878795
67.8,0.0189,86.0,318540,2016-01-01 03:45:00,0,67.35466905488965,0.021344468877969758
67.1,0.019,88.0,318540,2016-01-01 03:50:00,0,67.3164686966562,0.020992798546274293
69.1,0.0196,99.0,318540,2016-01-01 03:55:00,0,67.58399839215777,0.02078387876433315
66.6,0.0153,70.0,318540,2016-01-01 04:00:00,0,67.4363986333341,0.019961296949683176
67.6,0.0184,85.0,318540,2016-01-01 04:05:00,0,67.46093883833397,0.019727102407230697
67.5,0.0166,81.0,318540,2016-01-01 04:10:00,0,67.46679801258387,0.019258037046146093
67.9,0.0177,90.0,318540,2016-01-01 04:15:00,0,67.53177831069628,0.01902433148922418
68.4,0.0146,63.0,318540,2016-01-01 04:20:00,0,67.66201156409184,0.018360681765840554
68.2,0.0133,60.0,318540,2016-01-01 04:25:00,0,67.74270982947806,0.01760157950096447
68.3,0.0166,81.0,318540,2016-01-01 04:30:00,0,67.82630335505635,0.0174513425758198
68.1,0.0147,65.0,318540,2016-01-01 04:35:00,0,67.8673578517979,0.01703864118944683
67.9,0.0159,73.0,318540,2016-01-01 04:40:00,0,67.87225417402821,0.016867845011029805
67.1,0.0144,73.0,318540,2016-01-01 04:45:00,0,67.75641604792398,0.016497668259375334
66.5,0.0145,68.0,318540,2016-01-01 04:50:00,0,67.56795364073538,0.01619801802046903
66.7,0.0147,70.0,318540,2016-01-01 04:55:00,0,67.43776059462508,0.015973315317398675
67.0,0.0178,71.0,318540,2016-01-01 05:00:00,0,67.37209650543132,0.016247318019788872
67.2,0.0163,73.0,318540,2016-01-01 05:05:00,0,67.34628202961662,0.01625522031682054
67.2,0.013999999999999999,59.0,318540,2016-01-01 05:10:00,0,67.32433972517413,0.01591693726929746
67.8,0.0181,80.0,318540,2016-01-01 05:15:00,0,67.39568876639801,0.016244396678902838
66.8,0.0138,59.0,318540,2016-01-01 05:20:00,0,67.3063354514383,0.015877737177067412
68.1,0.018000000000000002,91.0,318540,2016-01-01 05:25:00,0,67.42538513372256,0.0161960766005073
67.7,0.019,81.0,318540,2016-01-01 05:30:00,0,67.46657736366417,0.016616665110431205
68.4,0.0202,94.0,318540,2016-01-01 05:35:00,0,67.60659075911454,0.017154165343866525
67.3,0.0177,80.0,318540,2016-01-01 05:40:00,0,67.56060214524736,0.017236040542286547
68.2,0.0187,88.0,318540,2016-01-01 05:45:00,0,67.65651182346025,0.017455634460943566
66.9,0.0214,104.0,318540,2016-01-01 05:50:00,0,67.54303504994121,0.01804728929180203
67.0,0.017,86.0,318540,2016-01-01 05:55:00,0,67.46157979245002,0.017890195898031726
68.3,0.0166,79.0,318540,2016-01-01 06:00:00,0,67.58734282358252,0.017696666513326968
67.9,0.0184,92.0,318540,2016-01-01 06:05:00,0,67.63424140004514,0.01780216653632792
68.5,0.022000000000000002,115.0,318540,2016-01-01 06:10:00,0,67.76410519003836,0.018431841555878733
68.9,0.0267,129.0,318540,2016-01-01 06:15:00,0,67.93448941153261,0.01967206532249692
68.2,0.0211,99.0,318540,2016-01-01 06:20:00,0,67.97431599980271,0.019886255524122383
68.4,0.0212,97.0,318540,2016-01-01 06:25:00,0,68.0381685998323,0.020083317195504023
69.3,0.0192,86.0,318540,2016-01-01 06:30:00,0,68.22744330985745,0.01995081961617842
69.2,0.0185,86.0,318540,2016-01-01 06:35:00,0,68.37332681337882,0.019733196673751657
68.8,0.0214,109.0,318540,2016-01-01 06:40:00,0,68.437327791372,0.01998321717268891
67.9,0.0228,114.0,318540,2016-01-01 06:45:00,0,68.3567286226662,0.02040573459678557
68.0,0.0212,98.0,318540,2016-01-01 06:50:00,0,68.30321932926627,0.020524874407267732
66.1,0.0167,87.0,318540,2016-01-01 06:55:00,0,67.97273642987633,0.019951143246177572
66.6,0.0186,86.0,318540,2016-01-01 07:00:00,0,67.76682596539489,0.019748471759250937
66.7,0.0194,98.0,318540,2016-01-01 07:05:00,0,67.60680207058564,0.019696200995363296
67.3,0.0188,95.0,318540,2016-01-01 07:10:00,0,67.5607817599978,0.019561770846058802
66.5,0.0166,84.0,318540,2016-01-01 07:15:00,0,67.40166449599812,0.01911750521914998
67.7,0.0197,94.0,318540,2016-01-01 07:20:00,0,67.4464148215984,0.01920487943627748
66.4,0.0206,103.0,318540,2016-01-01 07:25:00,0,67.28945259835864,0.019414147520835857
67.7,0.0229,126.0,318540,2016-01-01 07:30:00,0,67.35103470860484,0.01993702539271048
67.5,0.0216,112.0,318540,2016-01-01 07:35:00,0,67.37337950231412,0.020186471583803905
66.6,0.0268,133.0,318540,2016-01-01 07:40:00,0,67.257372576967,0.02117850084623332
65.2,0.0249,119.0,318540,2016-01-01 07:45:00,0,66.94876669042195,0.02173672571929832
65.7,0.0209,104.0,318540,2016-01-01 07:50:00,0,66.76145168685865,0.021611216861403573
66.1,0.0255,127.0,318540,2016-01-01 07:55:00,0,66.66223393382984,0.022194534332193035
65.2,0.0222,107.0,318540,2016-01-01 08:00:00,0,66.44289884375536,0.02219535418236408
64.2,0.027000000000000003,122.0,318540,2016-01-01 08:05:00,0,66.10646401719205,0.02291605105500947
66.2,0.0263,137.0,318540,2016-01-01 08:10:00,0,66.12049441461323,0.023423643396758047
66.2,0.0253,129.0,318540,2016-01-01 08:15:00,0,66.13242025242124,0.02370509688724434
65.6,0.0223,111.0,318540,2016-01-01 08:20:00,0,66.05255721455805,0.02349433235415769
66.9,0.0241,128.0,318540,2016-01-01 08:25:00,0,66.17967363237435,0.023585182501034037
66.9,0.0246,132.0,318540,2016-01-01 08:30:00,0,66.28772258751819,0.02373740512587893
67.9,0.0305,163.0,318540,2016-01-01 08:35:00,0,66.52956419939046,0.02475179435699709
66.6,0.0293,148.0,318540,2016-01-01 08:40:00,0,66.54012956948189,0.025434025203447525
68.4,0.027999999999999997,155.0,318540,2016-01-01 08:45:00,0,66.81911013405961,0.025818921422930394
68.7,0.0289,157.0,318540,2016-01-01 08:50:00,0,67.10124361395067,0.02628108320949083
67.8,0.0271,138.0,318540,2016-01-01 08:55:00,0,67.20605707185807,0.026403920728067205
66.7,0.0283,144.0,318540,2016-01-01 09:00:00,0,67.13014851107935,0.02668833261885712
67.8,0.0284,148.0,318540,2016-01-01 09:05:00,0,67.23062623441744,0.026945082726028552
65.4,0.0312,152.0,318540,2016-01-01 09:10:00,0,66.95603229925483,0.02758332031712427
67.4,0.0307,168.0,318540,2016-01-01 09:15:00,0,67.0226274543666,0.02805082226955563
68.2,0.0311,167.0,318540,2016-01-01 09:20:00,0,67.1992333362116,0.028508198929122285
67.3,0.0357,183.0,318540,2016-01-01 09:25:00,0,67.21434833577986,0.029586969089753945
68.2,0.0368,199.0,318540,2016-01-01 09:30:00,0,67.36219608541288,0.030668923726290855
60.9,0.0598,194.0,318540,2016-01-01 09:35:00,0,66.39286667260095,0.03503858516734722
65.0,0.0385,207.0,318540,2016-01-01 09:40:00,0,66.1839366717108,0.03555779739224514
66.5,0.0389,211.0,318540,2016-01-01 09:45:00,0,66.23134617095417,0.03605912778340837
66.9,0.040999999999999995,221.0,318540,2016-01-01 09:50:00,0,66.33164424531104,0.03680025861589711
67.1,0.0397,210.0,318540,2016-01-01 09:55:00,0,66.44689760851438,0.03723521982351255
67.2,0.0377,198.0,318540,2016-01-01 10:00:00,0,66.55986296723722,0.03730493684998567
68.4,0.0335,177.0,318540,2016-01-01 10:05:00,0,66.83588352215163,0.03673419632248782
66.7,0.0427,216.0,318540,2016-01-01 10:10:00,0,66.81550099382889,0.037629066874114644
67.5,0.0385,205.0,318540,2016-01-01 10:15:00,0,66.91817584475456,0.03775970684299745
67.5,0.0416,219.0,318540,2016-01-01 10:20:00,0,67.00544946804138,0.03833575081654783
68.1,0.0431,232.0,318540,2016-01-01 10:25:00,0,67.16963204783517,0.03905038819406565
67.0,0.0391,198.0,318540,2016-01-01 10:30:00,0,67.14418724065989,0.039057829964955805
67.7,0.0446,238.0,318540,2016-01-01 10:35:00,0,67.22755915456091,0.039889155470212434
67.5,0.0453,237.0,318540,2016-01-01 10:40:00,0,67.26842528137678,0.04070078214968057
69.2,0.0473,265.0,318540,2016-01-01 10:45:00,0,67.55816148917026,0.04169066482722848
69.8,0.0452,251.0,318540,2016-01-01 10:50:00,0,67.89443726579472,0.04221706510314421
67.7,0.0467,243.0,318540,2016-01-01 10:55:00,0,67.86527167592551,0.04288950533767258
66.1,0.0503,258.0,318540,2016-01-01 11:00:00,0,67.60048092453668,0.04400107953702169
67.3,0.0432,234.0,318540,2016-01-01 11:05:00,0,67.55540878585617,0.043880917606468436
66.6,0.0555,293.0,318540,2016-01-01 11:10:00,0,67.41209746797774,0.04562377996549817
67.7,0.0474,260.0,318540,2016-01-01 11:15:00,0,67.45528284778108,0.045890212970673444
68.4,0.0478,262.0,318540,2016-01-01 11:20:00,0,67.59699042061392,0.04617668102507243
68.0,0.051,280.0,318540,2016-01-01 11:25:00,0,67.65744185752183,0.04690017887131156
67.0,0.057,304.0,318540,2016-01-01 11:30:00,0,67.55882557889356,0.04841515204061483
66.8,0.053,285.0,318540,2016-01-01 11:35:00,0,67.44500174205953,0.0491028792345226
66.9,0.0473,253.0,318540,2016-01-01 11:40:00,0,67.3632514807506,0.04883244734934421
66.5,0.0541,284.0,318540,2016-01-01 11:45:00,0,67.233763758638,0.04962258024694258
66.4,0.0557,297.0,318540,2016-01-01 11:50:00,0,67.1086991948423,0.05053419320990119
68.8,0.0462,266.0,318540,2016-01-01 11:55:00,0,67.36239431561596,0.04988406422841601
68.0,0.0481,270.0,318540,2016-01-01 12:00:00,0,67.45803516827357,0.049616454594153606
66.9,0.055,304.0,318540,2016-01-01 12:05:00,0,67.37432989303254,0.05042398640503056
65.9,0.0545,294.0,318540,2016-01-01 12:10:00,0,67.15318040907766,0.05103538844427598
65.5,0.0527,291.0,318540,2016-01-01 12:15:00,0,66.90520334771601,0.051285080177634584
59.6,0.0847,311.0,318540,2016-01-01 12:20:00,0,65.80942284555861,0.056297318150989394
62.3,0.0525,281.0,318540,2016-01-01 12:25:00,0,65.28300941872482,0.05572772042834098
65.5,0.0528,303.0,318540,2016-01-01 12:30:00,0,65.31555800591609,0.05528856236408983
64.8,0.0586,322.0,318540,2016-01-01 12:35:00,0,65.23822430502867,0.05578527800947635
64.2,0.0578,307.0,318540,2016-01-01 12:40:00,0,65.08249065927437,0.05608748630805489
63.7,0.0565,301.0,318540,2016-01-01 12:45:00,0,64.87511706038322,0.05614936336184666
63.7,0.0611,331.0,318540,2016-01-01 12:50:00,0,64.69884950132572,0.05689195885756966
62.4,0.0575,297.0,318540,2016-01-01 12:55:00,0,64.35402207612687,0.05698316502893421
63.6,0.0575,310.0,318540,2016-01-01 13:00:00,0,64.24091876470783,0.05706069027459408
64.4,0.0566,313.0,318540,2016-01-01 13:05:00,0,64.26478095000165,0.056991586733404966
64.0,0.0631,341.0,318540,2016-01-01 13:10:00,0,64.2250638075014,0.05790784872339422
63.5,0.0675,356.0,318540,2016-01-01 13:15:00,0,64.1163042363762,0.05934667141488509
62.9,0.0597,310.0,318540,2016-01-01 13:20:00,0,63.93385860091976,0.05939967070265232
64.7,0.0577,319.0,318540,2016-01-01 13:25:00,0,64.0487798107818,0.059144720097254466
63.2,0.0585,303.0,318540,2016-01-01 13:30:00,0,63.92146283916452,0.059048012082666294
63.1,0.0628,340.0,318540,2016-01-01 13:35:00,0,63.79824341328984,0.059610810270266344
64.3,0.0571,320.0,318540,2016-01-01 13:40:00,0,63.873506901296366,0.0592341887297264
65.0,0.0697,389.0,318540,2016-01-01 13:45:00,0,64.04248086610191,0.06080406042026744
63.8,0.0626,330.0,318540,2016-01-01 13:50:00,0,64.00610873618662,0.061073451357227325
64.5,0.0581,322.0,318540,2016-01-01 13:55:00,0,64.08019242575863,0.060627433653643224
62.5,0.0651,329.0,318540,2016-01-01 14:00:00,0,63.843163561894826,0.061298318605596744
62.7,0.0701,367.0,318540,2016-01-01 14:05:00,0,63.671689027610604,0.06261857081475723
61.2,0.0718,368.0,318540,2016-01-01 14:10:00,0,63.30093567346901,0.06399578519254365
61.5,0.0706,369.0,318540,2016-01-01 14:15:00,0,63.03079532244866,0.0649864174136621
62.4,0.061,326.0,318540,2016-01-01 14:20:00,0,62.93617602408136,0.06438845480161279
62.1,0.0644,338.0,318540,2016-01-01 14:25:00,0,62.81074962046915,0.06439018658137087
62.1,0.0716,385.0,318540,2016-01-01 14:30:00,0,62.70413717739878,0.06547165859416523
63.5,0.0597,325.0,318540,2016-01-01 14:35:00,0,62.823516600788956,0.06460590980504045
63.0,0.0626,336.0,318540,2016-01-01 14:40:00,0,62.849989110670606,0.06430502333428438
61.3,0.0695,351.0,318540,2016-01-01 14:45:00,0,62.61749074407001,0.06508426983414173
62.1,0.0581,311.0,318540,2016-01-01 14:50:00,0,62.539867132459506,0.06403662935902046
63.7,0.0588,325.0,318540,2016-01-01 14:55:00,0,62.71388706259058,0.06325113495516739
62.6,0.0552,284.0,318540,2016-01-01 15:00:00,0,62.69680400320199,0.062043464711892274
63.1,0.0618,337.0,318540,2016-01-01 15:05:00,0,62.7572834027217,0.062006945005108435
63.1,0.0519,280.0,318540,2016-01-01 15:10:00,0,62.808690892313436,0.06049090325434217
63.9,0.0564,309.0,318540,2016-01-01 15:15:00,0,62.97238725846642,0.059877267766190845
64.9,0.0575,318.0,318540,2016-01-01 15:20:00,0,63.26152916969645,0.059520677601262215
64.7,0.0566,312.0,318540,2016-01-01 15:25:00,0,63.47729979424198,0.05908257596107288
65.6,0.0531,301.0,318540,2016-01-01 15:30:00,0,63.79570482510568,0.058185189566911946
65.8,0.0593,332.0,318540,2016-01-01 15:35:00,0,64.09634910133983,0.058352411131875156
63.3,0.0664,350.0,318540,2016-01-01 15:40:00,0,63.97689673613885,0.05955954946209388
63.2,0.0659,359.0,318540,2016-01-01 15:45:00,0,63.86036222571802,0.060510617042779796
61.8,0.0682,351.0,318540,2016-01-01 15:50:00,0,63.55130789186032,0.06166402448636282
62.8,0.0671,371.0,318540,2016-01-01 15:55:00,0,63.43861170808127,0.062479420813408404
61.7,0.0655,340.0,318540,2016-01-01 16:00:00,0,63.17781995186908,0.06293250769139713
62.7,0.0574,312.0,318540,2016-01-01 16:05:00,0,63.10614695908872,0.06210263153768756
63.2,0.0577,317.0,318540,2016-01-01 16:10:00,0,63.12022491522541,0.06144223680703442
62.3,0.0611,322.0,318540,2016-01-01 16:15:00,0,62.997191177941595,0.06139090128597926
63.2,0.0605,335.0,318540,2016-01-01 16:20:00,0,63.02761250125036,0.061257266093082366
63.2,0.0609,332.0,318540,2016-01-01 16:25:00,0,63.053470626062804,0.06120367617912001
62.2,0.069,362.0,318540,2016-01-01 16:30:00,0,62.92545003215338,0.062373124752252006
62.2,0.0643,341.0,318540,2016-01-01 16:35:00,0,62.81663252733037,0.0626621560394142
59.7,0.0727,362.0,318540,2016-01-01 16:40:00,0,62.34913764823081,0.06416783263350208
61.9,0.0607,335.0,318540,2016-01-01 16:45:00,0,62.28176700099618,0.06364765773847676
61.8,0.0634,337.0,318540,2016-01-01 16:50:00,0,62.20950195084676,0.06361050907770524
62.2,0.0643,344.0,318540,2016-01-01 16:55:00,0,62.20807665821974,0.06371393271604946
61.7,0.0623,328.0,318540,2016-01-01 17:00:00,0,62.13186515948678,0.06350184280864205
61.9,0.063,334.0,318540,2016-01-01 17:05:00,0,62.09708538556376,0.06342656638734573
61.3,0.0662,347.0,318540,2016-01-01 17:10:00,0,61.9775225777292,0.06384258142924387
61.7,0.0731,391.0,318540,2016-01-01 17:15:00,0,61.93589419106982,0.06523119421485729
60.3,0.0678,347.0,318540,2016-01-01 17:20:00,0,61.690510062409345,0.0656165150826287
61.0,0.0653,348.0,318540,2016-01-01 17:25:00,0,61.58693355304794,0.06556903782023439
61.1,0.0603,310.0,318540,2016-01-01 17:30:00,0,61.51389352009075,0.06477868214719923
61.1,0.0641,335.0,318540,2016-01-01 17:35:00,0,61.45180949207713,0.06467687982511934
60.3,0.0689,351.0,318540,2016-01-01 17:40:00,0,61.279038068265564,0.06531034785135144
61.1,0.0724,387.0,318540,2016-01-01 17:45:00,0,61.25218235802573,0.06637379567364872
62.1,0.0716,386.0,318540,2016-01-01 17:50:00,0,61.379355004321866,0.06715772632260142
61.8,0.0666,349.0,318540,2016-01-01 17:55:00,0,61.44245175367358,0.0670740673742112
60.2,0.0812,400.0,318540,2016-01-01 18:00:00,0,61.25608399062254,0.06919295726807952
61.4,0.0682,356.0,318540,2016-01-01 18:05:00,0,61.27767139202916,0.06904401367786758
61.1,0.066,337.0,318540,2016-01-01 18:10:00,0,61.25102068322479,0.06858741162618745
61.3,0.0693,357.0,318540,2016-01-01 18:15:00,0,61.258367580741066,0.06869429988225934
62.9,0.0627,339.0,318540,2016-01-01 18:20:00,0,61.50461244362991,0.06779515489992044
62.2,0.0654,337.0,318540,2016-01-01 18:25:00,0,61.60892057708542,0.06743588166493236
61.8,0.0659,339.0,318540,2016-01-01 18:30:00,0,61.637582490522604,0.06720549941519251
62.4,0.0589,312.0,318540,2016-01-01 18:35:00,0,61.75194511694421,0.06595967450291362
62.6,0.0589,308.0,318540,2016-01-01 18:40:00,0,61.87915334940258,0.06490072332747658
63.0,0.055999999999999994,299.0,318540,2016-01-01 18:45:00,0,62.047280346992196,0.0635656148283551
62.8,0.0571,297.0,318540,2016-01-01 18:50:00,0,62.16018829494337,0.06259577260410183
63.4,0.0564,301.0,318540,2016-01-01 18:55:00,0,62.34616005070186,0.061666406713486555
64.3,0.0552,300.0,318540,2016-01-01 19:00:00,0,62.639236043096574,0.06069644570646357
64.5,0.0579,310.0,318540,2016-01-01 19:05:00,0,62.918350636632084,0.06027697885049403
63.6,0.0582,304.0,318540,2016-01-01 19:10:00,0,63.02059804113727,0.05996543202291993
63.1,0.0562,292.0,318540,2016-01-01 19:15:00,0,63.03250833496668,0.059400617219481935
62.6,0.0569,298.0,318540,2016-01-01 19:20:00,0,62.96763208472168,0.05902552463655965
63.0,0.059000000000000004,314.0,318540,2016-01-01 19:25:00,0,62.972487272013424,0.0590216959410757
64.4,0.0543,297.0,318540,2016-01-01 19:30:00,0,63.18661418121141,0.058313441549914344
62.4,0.0552,278.0,318540,2016-01-01 19:35:00,0,63.068622054029696,0.05784642531742719
64.3,0.0549,305.0,318540,2016-01-01 19:40:00,0,63.253328745925245,0.057404461519813106
64.5,0.0557,304.0,318540,2016-01-01 19:45:00,0,63.44032943403646,0.05714879229184114
65.3,0.0509,276.0,318540,2016-01-01 19:50:00,0,63.71928001893099,0.05621147344806497
63.8,0.0516,263.0,318540,2016-01-01 19:55:00,0,63.73138801609134,0.055519752430855225
63.9,0.0456,242.0,318540,2016-01-01 20:00:00,0,63.756679813677636,0.05403178956622694
62.8,0.054000000000000006,277.0,318540,2016-01-01 20:05:00,0,63.61317784162599,0.0540270211312929
63.6,0.046,246.0,318540,2016-01-01 20:10:00,0,63.61120116538209,0.052822967961598966
62.5,0.0543,279.0,318540,2016-01-01 20:15:00,0,63.44452099057477,0.05304452276735912
63.3,0.0503,268.0,318540,2016-01-01 20:20:00,0,63.422842841988555,0.05263284435225525
63.2,0.0516,269.0,318540,2016-01-01 20:25:00,0,63.38941641569028,0.05247791769941696
63.8,0.0521,281.0,318540,2016-01-01 20:30:00,0,63.45100395333674,0.05242123004450441
64.1,0.0452,241.0,318540,2016-01-01 20:35:00,0,63.54835336033622,0.05133804553782875
67.9,0.0392,231.0,318540,2016-01-01 20:40:00,0,64.20110035628579,0.04951733870715444
65.0,0.0455,235.0,318540,2016-01-01 20:45:00,0,64.32093530284291,0.04891473790108127
63.8,0.0433,225.0,318540,2016-01-01 20:50:00,0,64.24279500741648,0.04807252721591908
63.7,0.0396,206.0,318540,2016-01-01 20:55:00,0,64.16137575630401,0.046801648133531215
64.4,0.0437,222.0,318540,2016-01-01 21:00:00,0,64.19716939285841,0.04633640091350153
67.0,0.040999999999999995,221.0,318540,2016-01-01 21:05:00,0,64.61759398392965,0.0455359407764763
68.2,0.0365,199.0,318540,2016-01-01 21:10:00,0,65.1549548863402,0.04418054966000485
68.1,0.0435,230.0,318540,2016-01-01 21:15:00,0,65.59671165338918,0.04407846721100413
66.8,0.0418,216.0,318540,2016-01-01 21:20:00,0,65.7772049053808,0.043736697129353505
67.3,0.0431,227.0,318540,2016-01-01 21:25:00,0,66.00562416957368,0.04364119255995048
67.4,0.0405,214.0,318540,2016-01-01 21:30:00,0,66.21478054413762,0.0431700136759579
67.6,0.0407,215.0,318540,2016-01-01 21:35:00,0,66.42256346251698,0.04279951162456421
67.5,0.0425,219.0,318540,2016-01-01 21:40:00,0,66.58417894313942,0.042754584880879576
68.6,0.0398,212.0,318540,2016-01-01 21:45:00,0,66.88655210166851,0.04231139714874764
68.1,0.037000000000000005,197.0,318540,2016-01-01 21:50:00,0,67.06856928641824,0.04151468757643549
67.4,0.0388,198.0,318540,2016-01-01 21:55:00,0,67.1182838934555,0.041107484439970164
67.8,0.0331,172.0,318540,2016-01-01 22:00:00,0,67.22054130943717,0.039906361773974636
67.6,0.0388,206.0,318540,2016-01-01 22:05:00,0,67.27746011302159,0.03974040750787844
68.4,0.0414,227.0,318540,2016-01-01 22:10:00,0,67.44584109606835,0.03998934638169667
68.2,0.0387,202.0,318540,2016-01-01 22:15:00,0,67.5589649316581,0.03979594442444217
67.7,0.0385,202.0,318540,2016-01-01 22:20:00,0,67.58012019190937,0.03960155276077584
67.8,0.0389,209.0,318540,2016-01-01 22:25:00,0,67.61310216312296,0.03949631984665947
67.0,0.0301,154.0,318540,2016-01-01 22:30:00,0,67.52113683865451,0.038086871869660546
67.8,0.0334,177.0,318540,2016-01-01 22:35:00,0,67.56296631285633,0.037383841089211466
68.8,0.0277,152.0,318540,2016-01-01 22:40:00,0,67.74852136592787,0.035931264925829744
68.7,0.0337,178.0,318540,2016-01-01 22:45:00,0,67.89124316103869,0.03559657518695528
68.9,0.0297,161.0,318540,2016-01-01 22:50:00,0,68.04255668688288,0.03471208890891199
68.5,0.0311,160.0,318540,2016-01-01 22:55:00,0,68.11117318385044,0.03417027557257519
66.3,0.0311,156.0,318540,2016-01-01 23:00:00,0,67.83949720627287,0.03370973423668891
66.9,0.03,155.0,318540,2016-01-01 23:05:00,0,67.69857262533193,0.03315327410118557
67.6,0.0303,162.0,318540,2016-01-01 23:10:00,0,67.68378673153214,0.032725282986007735
67.2,0.0298,153.0,318540,2016-01-01 23:15:00,0,67.61121872180232,0.032286490538106574
66.6,0.0324,166.0,318540,2016-01-01 23:20:00,0,67.45953591353197,0.03230351695739059
66.3,0.033,166.0,318540,2016-01-01 23:25:00,0,67.28560552650217,0.032407989413782
66.8,0.0262,136.0,318540,2016-01-01 23:30:00,0,67.21276469752684,0.0314767910017147
66.7,0.025,127.0,318540,2016-01-01 23:35:00,0,67.1358499928978,0.030505272351457495
66.2,0.0266,132.0,318540,2016-01-01 23:40:00,0,66.99547249396312,0.02991948149873887
66.5,0.0242,125.0,318540,2016-01-01 23:45:00,0,66.92115161986865,0.02906155927392804
67.8,0.0244,129.0,318540,2016-01-01 23:50:00,0,67.05297887688835,0.028362325382838834
65.9,0.024,115.0,318540,2016-01-01 23:55:00,0,66.8800320453551,0.027707976575413008
68.4,0.0257,130.0,318540,2016-01-02 00:00:00,0,67.10802723855183,0.027406780089101055
66.6,0.0216,104.0,318540,2016-01-02 00:05:00,0,67.03182315276905,0.026535763075735897
66.2,0.0285,139.0,318540,2016-01-02 00:10:00,0,66.90704967985369,0.026830398614375514
66.2,0.0222,107.0,318540,2016-01-02 00:15:00,0,66.80099222787564,0.026135838822219187
67.7,0.0213,103.0,318540,2016-01-02 00:20:00,0,66.93584339369428,0.02541046299888631
66.4,0.0204,96.0,318540,2016-01-02 00:25:00,0,66.85546688464015,0.024658893549053363
66.2,0.0225,106.0,318540,2016-01-02 00:30:00,0,66.75714685194413,0.024335059516695356
65.9,0.02,98.0,318540,2016-01-02 00:35:00,0,66.62857482415251,0.023684800589191052
66.0,0.0163,81.0,318540,2016-01-02 00:40:00,0,66.53428860052964,0.022577080500812394
68.5,0.0197,93.0,318540,2016-01-02 00:45:00,0,66.82914531045019,0.022145518425690534
67.1,0.0219,96.0,318540,2016-01-02 00:50:00,0,66.86977351388266,0.022108690661836954
67.2,0.0183,90.0,318540,2016-01-02 00:55:00,0,66.91930748680026,0.021537387062561412
67.2,0.0143,69.0,318540,2016-01-02 01:00:00,0,66.96141136378023,0.0204517790031772
67.9,0.0198,93.0,318540,2016-01-02 01:05:00,0,67.1021996592132,0.02035401215270062
67.3,0.0162,84.0,318540,2016-01-02 01:10:00,0,67.13186971033122,0.01973091032979553
67.9,0.0184,96.0,318540,2016-01-02 01:15:00,0,67.24708925378152,0.019531273780326198
66.6,0.0164,80.0,318540,2016-01-02 01:20:00,0,67.1500258657143,0.019061582713277268
66.4,0.0151,78.0,318540,2016-01-02 01:25:00,0,67.03752198585715,0.018467345306285677
66.9,0.0152,75.0,318540,2016-01-02 01:30:00,0,67.01689368797858,0.017977243510342827
67.1,0.0169,80.0,318540,2016-01-02 01:35:00,0,67.0293596347818,0.0178156569837914
67.2,0.0163,81.0,318540,2016-01-02 01:40:00,0,67.05495568956452,0.01758830843622269
69.2,0.0182,86.0,318540,2016-01-02 01:45:00,0,67.37671233612984,0.017680062170789285
67.7,0.0185,81.0,318540,2016-01-02 01:50:00,0,67.42520548571036,0.01780305284517089
65.6,0.0174,70.0,318540,2016-01-02 01:55:00,0,67.15142466285381,0.017742594918395256
65.3,0.0157,64.0,318540,2016-01-02 02:00:00,0,66.87371096342574,0.017436205680635967
67.8,0.0171,70.0,318540,2016-01-02 02:05:00,0,67.01265431891187,0.017385774828540573
67.8,0.015,65.0,318540,2016-01-02 02:10:00,0,67.13075617107509,0.017027908604259484
67.7,0.0141,57.0,318540,2016-01-02 02:15:00,0,67.21614274541382,0.01658872231362056
67.5,0.0143,59.0,318540,2016-01-02 02:20:00,0,67.25872133360174,0.016245413966577475
67.5,0.0152,57.0,318540,2016-01-02 02:25:00,0,67.29491313356148,0.016088601871590853
67.0,0.0141,59.0,318540,2016-01-02 02:30:00,0,67.25067616352726,0.015790311590852223
66.5,0.0143,64.0,318540,2016-01-02 02:35:00,0,67.13807473899817,0.015566764852224389
66.2,0.016,66.0,318540,2016-01-02 02:40:00,0,66.99736352814844,0.01563175012439073
66.3,0.0149,67.0,318540,2016-01-02 02:45:00,0,66.89275899892617,0.015521987605732122
65.3,0.015,56.0,318540,2016-01-02 02:50:00,0,66.65384514908725,0.015443689464872304
65.2,0.0167,64.0,318540,2016-01-02 02:55:00,0,66.43576837672416,0.015632136045141458
66.1,0.0136,53.0,318540,2016-01-02 03:00:00,0,66.38540312021553,0.01532731563837024
67.0,0.015,53.0,318540,2016-01-02 03:05:00,0,66.4775926521832,0.015278218292614703
68.0,0.0128,53.0,318540,2016-01-02 03:10:00,0,66.70595375435572,0.014906485548722497
66.1,0.0127,50.0,318540,2016-01-02 03:15:00,0,66.61506069120236,0.014575512716414123
67.0,0.0133,61.0,318540,2016-01-02 03:20:00,0,66.672801587522,0.014384185808952005
66.1,0.0122,54.0,318540,2016-01-02 03:25:00,0,66.5868813493937,0.014056557937609205
66.1,0.0111,49.0,318540,2016-01-02 03:30:00,0,66.51384914698465,0.013613074246967824
66.1,0.0144,62.0,318540,2016-01-02 03:35:00,0,66.45177177493696,0.01373111310992265
67.4,0.0159,67.0,318540,2016-01-02 03:40:00,0,66.59400600869641,0.014056446143434253
66.9,0.0129,60.0,318540,2016-01-02 03:45:00,0,66.63990510739195,0.013882979221919113
66.8,0.0128,59.0,318540,2016-01-02 03:50:00,0,66.66391934128316,0.013720532338631245
66.7,0.0145,59.0,318540,2016-01-02 03:55:00,0,66.66933144009069,0.013837452487836558
66.9,0.0112,45.0,318540,2016-01-02 04:00:00,0,66.70393172407708,0.013441834614661074
67.8,0.0131,48.0,318540,2016-01-02 04:05:00,0,66.86834196546552,0.013390559422461912
67.3,0.0137,50.0,318540,2016-01-02 04:10:00,0,66.9330906706457,0.013436975509092624
67.8,0.0131,51.0,318540,2016-01-02 04:15:00,0,67.06312707004884,0.01338642918272873
66.8,0.0137,47.0,318540,2016-01-02 04:20:00,0,67.0236580095415,0.01343346480531942
66.7,0.0149,60.0,318540,2016-01-02 04:25:00,0,66.97510930811028,0.013653445084521508
65.7,0.0159,64.0,318540,2016-01-02 04:30:00,0,66.78384291189373,0.013990428321843282
66.3,0.0145,60.0,318540,2016-01-02 04:35:00,0,66.71126647510967,0.01406686407356679
67.3,0.0135,51.0,318540,2016-01-02 04:40:00,0,66.79957650384321,0.013981834462531772
67.7,0.0134,63.0,318540,2016-01-02 04:45:00,0,66.93464002826673,0.013894559293152005
65.6,0.0142,57.0,318540,2016-01-02 04:50:00,0,66.73444402402671,0.013940375399179203
67.2,0.0133,53.0,318540,2016-01-02 04:55:00,0,66.80427742042271,0.013844319089302323
66.7,0.0127,51.0,318540,2016-01-02 05:00:00,0,66.7886358073593,0.013672671225906975
66.3,0.0129,62.0,318540,2016-01-02 05:05:00,0,66.7153404362554,0.013556770542020927
65.9,0.0117,57.0,318540,2016-01-02 05:10:00,0,66.5930393708171,0.013278254960717788
66.6,0.0151,75.0,318540,2016-01-02 05:15:00,0,66.59408346519453,0.01355151671661012
66.6,0.017,85.0,318540,2016-01-02 05:20:00,0,66.59497094541534,0.0140687892091186
66.4,0.0181,87.0,318540,2016-01-02 05:25:00,0,66.56572530360305,0.014673470827750812
66.3,0.0214,99.0,318540,2016-01-02 05:30:00,0,66.52586650806258,0.01568245020358819
68.3,0.0201,104.0,318540,2016-01-02 05:35:00,0,66.79198653185318,0.01634508267304996
67.4,0.0182,92.0,318540,2016-01-02 05:40:00,0,66.88318855207521,0.016623320272092467
66.2,0.0246,102.0,318540,2016-01-02 05:45:00,0,66.78071026926392,0.017819822231278596
67.4,0.0159,71.0,318540,2016-01-02 05:50:00,0,66.87360372887433,0.017531848896586807
68.0,0.019,85.0,318540,2016-01-02 05:55:00,0,67.04256316954317,0.017752071562098785
67.6,0.0224,97.0,318540,2016-01-02 06:00:00,0,67.12617869411169,0.018449260827783965
67.3,0.0249,126.0,318540,2016-01-02 06:05:00,0,67.15225188999493,0.01941687170361637
68.2,0.0242,124.0,318540,2016-01-02 06:10:00,0,67.3094141064957,0.02013434094807391
68.1,0.0219,111.0,318540,2016-01-02 06:15:00,0,67.42800199052134,0.020399189805862823
69.3,0.0308,162.0,318540,2016-01-02 06:20:00,0,67.70880169194314,0.021959311334983397
68.3,0.0246,127.0,318540,2016-01-02 06:25:00,0,67.79748143815166,0.022355414634735886
68.5,0.0342,174.0,318540,2016-01-02 06:30:00,0,67.90285922242892,0.024132102439525502
68.6,0.028999999999999998,154.0,318540,2016-01-02 06:35:00,0,68.00743033906457,0.024862287073596674
67.5,0.0337,168.0,318540,2016-01-02 06:40:00,0,67.93131578820488,0.026187944012557172
67.4,0.032,171.0,318540,2016-01-02 06:45:00,0,67.85161841997416,0.027059752410673595
66.6,0.0286,143.0,318540,2016-01-02 06:50:00,0,67.66387565697804,0.027290789549072554
67.8,0.0244,127.0,318540,2016-01-02 06:55:00,0,67.68429430843133,0.02685717111671167
68.1,0.0228,117.0,318540,2016-01-02 07:00:00,0,67.74665016216663,0.02624859544920492
66.1,0.0309,151.0,318540,2016-01-02 07:05:00,0,67.49965263784163,0.02694630613182418
64.1,0.0303,139.0,318540,2016-01-02 07:10:00,0,66.98970474216539,0.027449360212050553
65.8,0.03,157.0,318540,2016-01-02 07:15:00,0,66.81124903084057,0.02783195618024297
65.7,0.0337,171.0,318540,2016-01-02 07:20:00,0,66.64456167621448,0.028712162753206524
66.5,0.0331,173.0,318540,2016-01-02 07:25:00,0,66.6228774247823,0.029370338340225545
68.4,0.0341,188.0,318540,2016-01-02 07:30:00,0,66.88944581106496,0.030079787589191713
65.9,0.0354,174.0,318540,2016-01-02 07:35:00,0,66.74102893940521,0.030877819450812954
66.4,0.0376,192.0,318540,2016-01-02 07:40:00,0,66.68987459849443,0.03188614653319101
65.8,0.0377,187.0,318540,2016-01-02 07:45:00,0,66.55639340872027,0.03275822455321235
65.8,0.0344,177.0,318540,2016-01-02 07:50:00,0,66.44293439741223,0.033004490870230496
66.6,0.0325,168.0,318540,2016-01-02 07:55:00,0,66.46649423780039,0.03292881723969592
67.9,0.0354,185.0,318540,2016-01-02 08:00:00,0,66.68152010213034,0.03329949465374153
68.2,0.0316,167.0,318540,2016-01-02 08:05:00,0,66.90929208681078,0.0330445704556803
67.1,0.037000000000000005,186.0,318540,2016-01-02 08:10:00,0,66.93789827378916,0.03363788488732826
67.5,0.0378,196.0,318540,2016-01-02 08:15:00,0,67.02221353272078,0.03426220215422902
68.6,0.0386,205.0,318540,2016-01-02 08:20:00,0,67.25888150281267,0.03491287183109466
69.4,0.0393,212.0,318540,2016-01-02 08:25:00,0,67.58004927739077,0.03557094105643046
69.8,0.0372,201.0,318540,2016-01-02 08:30:00,0,67.91304188578215,0.03581529989796589
70.1,0.0404,224.0,318540,2016-01-02 08:35:00,0,68.24108560291482,0.036503004913271006
69.1,0.0444,235.0,318540,2016-01-02 08:40:00,0,68.3699227624776,0.037687554176280356
69.6,0.0446,242.0,318540,2016-01-02 08:45:00,0,68.55443434810596,0.0387244210498383
69.0,0.0483,264.0,318540,2016-01-02 08:50:00,0,68.62126919589006,0.04016075789236256
68.8,0.0444,241.0,318540,2016-01-02 08:55:00,0,68.64807881650655,0.04079664420850817
70.5,0.0433,245.0,318540,2016-01-02 09:00:00,0,68.92586699403057,0.04117214757723194
69.6,0.0434,229.0,318540,2016-01-02 09:05:00,0,69.02698694492598,0.041506325440647154
70.0,0.0454,249.0,318540,2016-01-02 09:10:00,0,69.17293890318709,0.04209037662455008
70.5,0.0474,262.0,318540,2016-01-02 09:15:00,0,69.37199806770903,0.042886820130867566
69.9,0.0528,288.0,318540,2016-01-02 09:20:00,0,69.45119835755267,0.04437379711123743
69.9,0.0508,278.0,318540,2016-01-02 09:25:00,0,69.51851860391977,0.045337727544551815
70.0,0.0528,291.0,318540,2016-01-02 09:30:00,0,69.5907408133318,0.046457068412869035
67.5,0.0575,293.0,318540,2016-01-02 09:35:00,0,69.27712969133204,0.04811350815093868
67.7,0.055999999999999994,301.0,318540,2016-01-02 09:40:00,0,69.04056023763222,0.04929648192829787
67.7,0.0581,313.0,318540,2016-01-02 09:45:00,0,68.83947620198738,0.05061700963905319
67.3,0.0618,324.0,318540,2016-01-02 09:50:00,0,68.60855477168927,0.05229445819319521
68.1,0.057999999999999996,318.0,318540,2016-01-02 09:55:00,0,68.53227155593588,0.053150289464215926
66.2,0.0561,293.0,318540,2016-01-02 10:00:00,0,68.18243082254548,0.053592746044583535
65.0,0.0615,328.0,318540,2016-01-02 10:05:00,0,67.70506619916367,0.054778834137896
66.4,0.0548,305.0,318540,2016-01-02 10:10:00,0,67.50930626928911,0.05478200901721159
65.5,0.0653,349.0,318540,2016-01-02 10:15:00,0,67.20791032889575,0.05635970766462985
66.3,0.0601,339.0,318540,2016-01-02 10:20:00,0,67.07172377956138,0.05692075151493538
65.5,0.0681,363.0,318540,2016-01-02 10:25:00,0,66.83596521262717,0.05859763878769507
65.5,0.0648,351.0,318540,2016-01-02 10:30:00,0,66.6355704307331,0.05952799296954081
64.4,0.0729,384.0,318540,2016-01-02 10:35:00,0,66.30023486612313,0.06153379402410969
66.1,0.0704,399.0,318540,2016-01-02 10:40:00,0,66.27019963620467,0.06286372492049323
65.2,0.0694,372.0,318540,2016-01-02 10:45:00,0,66.10966969077396,0.06384416618241924
64.9,0.0689,374.0,318540,2016-01-02 10:50:00,0,65.92821923715786,0.06460254125505635
64.4,0.0746,399.0,318540,2016-01-02 10:55:00,0,65.69898635158418,0.0661021600667979
63.4,0.0831,434.0,318540,2016-01-02 11:00:00,0,65.35413839884656,0.06865183605677821
64.6,0.0533,294.0,318540,2016-01-02 11:05:00,0,65.24101763901957,0.06634906064826147
65.4,0.0759,414.0,318540,2016-01-02 11:10:00,0,65.26486499316664,0.06778170155102226
65.4,0.0733,400.0,318540,2016-01-02 11:15:00,0,65.28513524419164,0.06860944631836892
64.6,0.0741,398.0,318540,2016-01-02 11:20:00,0,65.1823649575629,0.06943302937061357
64.0,0.0822,436.0,318540,2016-01-02 11:25:00,0,65.00501021392846,0.07134807496502153
64.0,0.07200000000000001,382.0,318540,2016-01-02 11:30:00,0,64.85425868183918,0.0714458637202683
63.4,0.0762,398.0,318540,2016-01-02 11:35:00,0,64.63611987956331,0.07215898416222806
63.2,0.0814,426.0,318540,2016-01-02 11:40:00,0,64.42070189762882,0.07354513653789385
65.3,0.0729,414.0,318540,2016-01-02 11:45:00,0,64.55259661298449,0.07344836605720977
65.3,0.075,408.0,318540,2016-01-02 11:50:00,0,64.66470712103681,0.0736811111486283
64.9,0.0754,404.0,318540,2016-01-02 11:55:00,0,64.70000105288129,0.07393894447633405
64.6,0.0744,400.0,318540,2016-01-02 12:00:00,0,64.6850008949491,0.07400810280488394
65.7,0.0715,398.0,318540,2016-01-02 12:05:00,0,64.83725076070674,0.07363188738415134
64.6,0.0787,417.0,318540,2016-01-02 12:10:00,0,64.80166314660073,0.07439210427652863
64.9,0.0747,410.0,318540,2016-01-02 12:15:00,0,64.81641367461063,0.07443828863504934
62.0,0.098,487.0,318540,2016-01-02 12:20:00,0,64.39395162341903,0.07797254533979193
62.5,0.087,447.0,318540,2016-01-02 12:25:00,0,64.10985887990617,0.07932666353882314
63.0,0.0806,432.0,318540,2016-01-02 12:30:00,0,63.94338004792024,0.07951766400799967
62.6,0.0909,471.0,318540,2016-01-02 12:35:00,0,63.74187304073221,0.08122501440679972
63.8,0.0805,438.0,318540,2016-01-02 12:40:00,0,63.750592084622376,0.08111626224577977
63.9,0.0854,456.0,318540,2016-01-02 12:45:00,0,63.77300327192902,0.0817588229089128
59.9,0.096,445.0,318540,2016-01-02 12:50:00,0,63.192052781139665,0.08389499947257588
60.9,0.081,414.0,318540,2016-01-02 12:55:00,0,62.84824486396871,0.08346074955168949
62.3,0.0789,419.0,318540,2016-01-02 13:00:00,0,62.7660081343734,0.08277663711893606
63.4,0.0791,425.0,318540,2016-01-02 13:05:00,0,62.86110691421739,0.08222514155109564
59.7,0.0995,467.0,318540,2016-01-02 13:10:00,0,62.386940877084776,0.08481637031843128
62.4,0.0776,422.0,318540,2016-01-02 13:15:00,0,62.38889974552206,0.08373391477066659
62.9,0.0913,474.0,318540,2016-01-02 13:20:00,0,62.46556478369375,0.0848688275550666
63.4,0.0857,459.0,318540,2016-01-02 13:25:00,0,62.605730066139685,0.08499350342180662
60.6,0.09300000000000001,450.0,318540,2016-01-02 13:30:00,0,62.30487055621873,0.08619447790853563
60.3,0.0936,461.0,318540,2016-01-02 13:35:00,0,62.00413997278592,0.08730530622225528
58.7,0.0962,461.0,318540,2016-01-02 13:40:00,0,61.50851897686803,0.08863951028891699
49.5,0.1384,455.0,318540,2016-01-02 13:45:00,0,59.70724113033782,0.09610358374557944
40.7,0.1745,409.0,318540,2016-01-02 13:50:00,0,56.85615496078715,0.10786304618374251
37.1,0.1664,430.0,318540,2016-01-02 13:55:00,0,53.892731716669076,0.11664358925618112
36.2,0.1534,410.0,318540,2016-01-02 14:00:00,0,51.23882195916871,0.12215705086775396
35.9,0.156,441.0,318540,2016-01-02 14:05:00,0,48.9379986652934,0.12723349323759087
36.8,0.1395,430.0,318540,2016-01-02 14:10:00,0,47.11729886549939,0.12907346925195223
42.0,0.1038,396.0,318540,2016-01-02 14:15:00,0,46.34970403567448,0.1252824488641594
45.4,0.1026,411.0,318540,2016-01-02 14:20:00,0,46.207248430323304,0.12188008153453549
45.3,0.1189,445.0,318540,2016-01-02 14:25:00,0,46.07116116577481,0.12143306930435517
42.2,0.1338,402.0,318540,2016-01-02 14:30:00,0,45.490486990908586,0.1232881089087019
43.2,0.1206,437.0,318540,2016-01-02 14:35:00,0,45.14691394227229,0.12288489257239661
49.2,0.0877,404.0,318540,2016-01-02 14:40:00,0,45.75487685093145,0.11760715868653712
53.7,0.0872,423.0,318540,2016-01-02 14:45:00,0,46.94664532329173,0.11304608488355655
51.9,0.1087,456.0,318540,2016-01-02 14:50:00,0,47.68964852479797,0.11239417215102307
50.3,0.0998,399.0,318540,2016-01-02 14:55:00,0,48.08120124607827,0.1105050463283696
56.1,0.0771,395.0,318540,2016-01-02 15:00:00,0,49.28402105916653,0.10549428937911416
57.5,0.09699999999999999,480.0,318540,2016-01-02 15:05:00,0,50.51641790029154,0.10422014597224703
59.4,0.0788,402.0,318540,2016-01-02 15:10:00,0,51.84895521524781,0.10040712407640998
57.4,0.0876,401.0,318540,2016-01-02 15:15:00,0,52.68161193296064,0.09848605546494847
55.6,0.0954,427.0,318540,2016-01-02 15:20:00,0,53.11937014301654,0.0980231471452062
59.8,0.073,394.0,318540,2016-01-02 15:25:00,0,54.12146462156406,0.09426967507342526
60.7,0.0864,444.0,318540,2016-01-02 15:30:00,0,55.108244928329455,0.09308922381241147
55.1,0.1134,470.0,318540,2016-01-02 15:35:00,0,55.107008189080034,0.09613584024054975
47.2,0.131,414.0,318540,2016-01-02 15:40:00,0,53.92095696071802,0.10136546420446728
42.9,0.149,460.0,318540,2016-01-02 15:45:00,0,52.26781341661032,0.10851064457379718
39.3,0.1586,414.0,318540,2016-01-02 15:50:00,0,50.32264140411877,0.1160240478877276
42.5,0.1101,419.0,318540,2016-01-02 15:55:00,0,49.14924519350095,0.11513544070456846
42.3,0.1243,424.0,318540,2016-01-02 16:00:00,0,48.12185841447581,0.11651012459888319
40.2,0.1343,403.0,318540,2016-01-02 16:05:00,0,46.93357965230444,0.1191786059090507
38.6,0.1462,414.0,318540,2016-01-02 16:10:00,0,45.68354270445877,0.12323181502269309
42.7,0.1032,399.0,318540,2016-01-02 16:15:00,0,45.236011298789954,0.12022704276928912
41.6,0.129,419.0,318540,2016-01-02 16:20:00,0,44.69060960397146,0.12154298635389577
38.4,0.1621,437.0,318540,2016-01-02 16:25:00,0,43.747018163375735,0.1276265384008114
38.6,0.1245,383.0,318540,2016-01-02 16:30:00,0,42.974965438869376,0.1271575576406897
37.6,0.1455,403.0,318540,2016-01-02 16:35:00,0,42.16872062303897,0.12990892399458626
35.8,0.1718,424.0,318540,2016-01-02 16:40:00,0,41.213412529583124,0.1361925853953983
37.8,0.1282,401.0,318540,2016-01-02 16:45:00,0,40.70140065014566,0.13499369758608856
37.5,0.1492,425.0,318540,2016-01-02 16:50:00,0,40.22119055262381,0.13712464294817528
35.8,0.1584,421.0,318540,2016-01-02 16:55:00,0,39.55801196973024,0.14031594650594897
33.4,0.1895,424.0,318540,2016-01-02 17:00:00,0,38.6343101742707,0.14769355453005661
30.4,0.2323,395.0,318540,2016-01-02 17:05:00,0,37.3991636481301,0.1603845213505481
31.3,0.17,414.0,318540,2016-01-02 17:10:00,0,36.48428910091059,0.16182684314796586
31.7,0.1737,400.0,318540,2016-01-02 17:15:00,0,35.766645735774,0.16360781667577098
29.1,0.2334,369.0,318540,2016-01-02 17:20:00,0,34.766648875407896,0.17407664417440533
28.3,0.1968,384.0,318540,2016-01-02 17:25:00,0,33.79665154409671,0.17748514754824452
27.7,0.2089,407.0,318540,2016-01-02 17:30:00,0,32.8821538124822,0.18219737541600783
26.6,0.2387,376.0,318540,2016-01-02 17:35:00,0,31.93983074060987,0.19067276910360667
27.1,0.2014,397.0,318540,2016-01-02 17:40:00,0,31.21385612951839,0.19228185373806564
28.0,0.193,391.0,318540,2016-01-02 17:45:00,0,30.73177771009063,0.1923895756773558
29.3,0.1939,431.0,318540,2016-01-02 17:50:00,0,30.517011053577033,0.19261613932575242
28.0,0.2323,362.0,318540,2016-01-02 17:55:00,0,30.139459395540477,0.19856871842688956
27.9,0.1927,398.0,318540,2016-01-02 18:00:00,0,29.803540486209403,0.19768841066285614
27.8,0.2132,385.0,318540,2016-01-02 18:05:00,0,29.503009413277994,0.2000151490634277
27.5,0.2187,383.0,318540,2016-01-02 18:10:00,0,29.202558001286295,0.20281787670391355
26.6,0.2348,373.0,318540,2016-01-02 18:15:00,0,28.81217430109335,0.20761519519832652
25.2,0.237,370.0,318540,2016-01-02 18:20:00,0,28.270348155929348,0.21202291591857753
24.8,0.2425,376.0,318540,2016-01-02 18:25:00,0,27.749795932539943,0.2165944785307909
25.2,0.2246,385.0,318540,2016-01-02 18:30:00,0,27.36732654265895,0.21779530675117226
26.0,0.22399999999999998,378.0,318540,2016-01-02 18:35:00,0,27.162227561260107,0.2187260107384964
25.9,0.1992,386.0,318540,2016-01-02 18:40:00,0,26.972893427071092,0.21579710912772193
31.4,0.1435,390.0,318540,2016-01-02 18:45:00,0,27.63695941301043,0.20495254275856362
42.9,0.0837,381.0,318540,2016-01-02 18:50:00,0,29.926415501058862,0.1867646613447791
51.7,0.0743,373.0,318540,2016-01-02 18:55:00,0,33.192453175900035,0.1698949621430622
45.5,0.11800000000000001,356.0,318540,2016-01-02 19:00:00,1,35.038585199515026,0.16211071782160286
42.0,0.1124,322.0,318540,2016-01-02 19:05:00,1,36.08279741958777,0.15465411014836244
36.9,0.1803,346.0,318540,2016-01-02 19:10:00,1,36.2053778066496,0.15850099362610806
32.4,0.23800000000000002,295.0,318540,2016-01-02 19:15:00,1,35.63457113565216,0.17042584458219187
29.1,0.244,294.0,318540,2016-01-02 19:20:00,1,34.65438546530434,0.18146196789486307
26.6,0.2437,299.0,318540,2016-01-02 19:25:00,1,33.446227645508685,0.1907976727106336
26.1,0.2506,304.0,318540,2016-01-02 19:30:00,1,32.34429349868238,0.19976802180403858
24.7,0.2796,289.0,318540,2016-01-02 19:35:00,1,31.197649473880023,0.2117428185334328
24.2,0.2703,270.0,318540,2016-01-02 19:40:00,0,30.148002052798017,0.22052639575341787
25.0,0.2349,303.0,318540,2016-01-02 19:45:00,0,29.375801744878313,0.22268243639040516
25.4,0.2299,295.0,318540,2016-01-02 19:50:00,0,28.779431483146563,0.22376507093184436
25.5,0.2022,273.0,318540,2016-01-02 19:55:00,0,28.287516760674578,0.2205303102920677
36.9,0.0685,271.0,318540,2016-01-02 20:00:00,0,29.579389246573392,0.19772576374825757
50.3,0.0508,265.0,318540,2016-01-02 20:05:00,0,32.68748085958738,0.1756868991860189
58.3,0.048,259.0,318540,2016-01-02 20:10:00,0,36.52935873064927,0.15653386430811608
61.9,0.0512,277.0,318540,2016-01-02 20:15:00,0,40.334954921051875,0.14073378466189865
64.4,0.0528,286.0,318540,2016-01-02 20:20:00,0,43.944711682894095,0.12754371696261385
65.7,0.0494,270.0,318540,2016-01-02 20:25:00,0,47.20800493045998,0.11582215941822177
66.0,0.0485,262.0,318540,2016-01-02 20:30:00,0,50.02680419089098,0.1057238355054885
66.4,0.0498,272.0,318540,2016-01-02 20:35:00,0,52.48278356225733,0.09733526017966523
66.8,0.0525,292.0,318540,2016-01-02 20:40:00,0,54.630366027918726,0.09060997115271544
65.6,0.0513,268.0,318540,2016-01-02 20:45:00,0,56.27581112373091,0.0847134754798081
65.2,0.0483,256.0,318540,2016-01-02 20:50:00,0,57.61443945517127,0.0792514541578369
65.3,0.0488,257.0,318540,2016-01-02 20:55:00,0,58.76727353689558,0.07468373603416137
67.5,0.0503,274.0,318540,2016-01-02 21:00:00,0,60.07718250636124,0.07102617562903715
66.3,0.0526,273.0,318540,2016-01-02 21:05:00,0,61.01060513040705,0.06826224928468158
66.4,0.0566,291.0,318540,2016-01-02 21:10:00,0,61.81901436084599,0.06651291189197935
66.3,0.0469,245.0,318540,2016-01-02 21:15:00,0,62.49116220671909,0.06357097510818244
66.8,0.0557,300.0,318540,2016-01-02 21:20:00,0,63.13748787571123,0.06239032884195507
68.1,0.0449,243.0,318540,2016-01-02 21:25:00,0,63.88186469435454,0.059766779515661804
68.5,0.0455,245.0,318540,2016-01-02 21:30:00,0,64.57458499020136,0.05762676258831253
67.7,0.0546,290.0,318540,2016-01-02 21:35:00,0,65.04339724167114,0.057172748200065654
69.2,0.0534,298.0,318540,2016-01-02 21:40:00,0,65.66688765542047,0.05660683597005581
69.5,0.0435,240.0,318540,2016-01-02 21:45:00,0,66.24185450710739,0.054640810574547435
69.2,0.0505,273.0,318540,2016-01-02 21:50:00,0,66.68557633104128,0.054019688988365316
68.4,0.0443,237.0,318540,2016-01-02 21:55:00,0,66.94273988138508,0.05256173564011052
69.2,0.0484,270.0,318540,2016-01-02 22:00:00,0,67.28132889917731,0.05193747529409394
68.9,0.0492,268.0,318540,2016-01-02 22:05:00,0,67.52412956430072,0.051526853999979846
68.1,0.0445,236.0,318540,2016-01-02 22:10:00,0,67.61051012965561,0.05047282589998287
67.4,0.0446,232.0,318540,2016-01-02 22:15:00,0,67.57893361020727,0.049591902014985444
67.8,0.0452,245.0,318540,2016-01-02 22:20:00,0,67.61209356867617,0.048933116712737625
67.7,0.0457,248.0,318540,2016-01-02 22:25:00,0,67.62527953337474,0.048448149205826976
67.5,0.0418,221.0,318540,2016-01-02 22:30:00,0,67.60648760336852,0.04745092682495293
65.7,0.0475,237.0,318540,2016-01-02 22:35:00,0,67.32051446286324,0.04745828780120999
66.1,0.0397,210.0,318540,2016-01-02 22:40:00,0,67.13743729343375,0.04629454463102849
67.5,0.0429,231.0,318540,2016-01-02 22:45:00,0,67.19182169941868,0.045785362936374224
68.1,0.0367,197.0,318540,2016-01-02 22:50:00,0,67.32804844450588,0.04442255849591809
69.1,0.0407,229.0,318540,2016-01-02 22:55:00,0,67.59384117783,0.043864174721530376
67.5,0.0317,164.0,318540,2016-01-02 23:00:00,0,67.5797650011555,0.04203954851330082
67.6,0.0335,175.0,318540,2016-01-02 23:05:00,0,67.58280025098216,0.0407586162363057
68.6,0.0338,185.0,318540,2016-01-02 23:10:00,0,67.73538021333484,0.03971482380085985
69.1,0.028999999999999998,164.0,318540,2016-01-02 23:15:00,0,67.94007318133461,0.03810760023073087
69.1,0.0319,172.0,318540,2016-01-02 23:20:00,0,68.11406220413441,0.03717646019612124
69.7,0.028999999999999998,162.0,318540,2016-01-02 23:25:00,0,68.35195287351425,0.035949991166703055
67.9,0.0338,173.0,318540,2016-01-02 23:30:00,0,68.28415994248711,0.035627492491697596
67.8,0.0321,170.0,318540,2016-01-02 23:35:00,0,68.21153595111404,0.03509836861794295
70.0,0.0282,162.0,318540,2016-01-02 23:40:00,0,68.47980555844694,0.034063613325251506
69.7,0.0245,134.0,318540,2016-01-02 23:45:00,0,68.6628347246799,0.032629071326463775
68.9,0.0276,144.0,318540,2016-01-02 23:50:00,0,68.69840951597791,0.03187471062749421
68.8,0.0286,152.0,318540,2016-01-02 23:55:00,0,68.71364808858122,0.03138350403337008
67.3,0.0236,123.0,318540,2016-01-03 00:00:00,0,68.50160087529403,0.030215978428364564
68.1,0.023,123.0,318540,2016-01-03 00:05:00,0,68.44136074399992,0.029133581664109877
68.1,0.0241,130.0,318540,2016-01-03 00:10:00,0,68.39015663239994,0.028378544414493397
67.7,0.0247,124.0,318540,2016-01-03 00:15:00,0,68.28663313753994,0.027826762752319385
67.1,0.0233,119.0,318540,2016-01-03 00:20:00,0,68.10863816690895,0.027147748339471478
67.2,0.0212,108.0,318540,2016-01-03 00:25:00,0,67.9723424418726,0.026255586088550754
67.2,0.0226,112.0,318540,2016-01-03 00:30:00,0,67.8564910755917,0.025707248175268142
67.4,0.0236,120.0,318540,2016-01-03 00:35:00,0,67.78801741425295,0.02539116094897792
67.4,0.0232,119.0,318540,2016-01-03 00:40:00,0,67.729814802115,0.025062486806631232
67.4,0.0226,115.0,318540,2016-01-03 00:45:00,0,67.68034258179775,0.024693113785636548
65.9,0.0225,104.0,318540,2016-01-03 00:50:00,0,67.41329119452809,0.024364146717791066
65.8,0.0211,101.0,318540,2016-01-03 00:55:00,0,67.17129751534887,0.023874524710122406
66.9,0.0196,104.0,318540,2016-01-03 01:00:00,0,67.13060288804654,0.023233346003604043
